Rank,Release Group,Worldwide,Domestic,Domestic %,Foreign,Foreign %,Original Language,Overview,Popularity,Release Date,Vote Average,Vote Count
1,Barbie,"$1,441,790,846","$636,190,846",44.1%,"$805,600,000",55.9%,en,"Barbie and Ken are having the time of their lives in the colorful and seemingly perfect world of Barbie Land. However, when they get a chance to go to the real world, they soon discover the joys and perils of living among humans.",371.35,2023-07-19,7.188,6073
2,The Super Mario Bros. Movie,"$1,362,059,669","$574,934,330",42.2%,"$787,125,339",57.8%,en,"While working underground to fix a water main, Brooklyn plumbers—and brothers—Mario and Luigi are transported down a mysterious pipe and wander into a magical new world. But when the brothers are separated, Mario embarks on an epic quest to find Luigi.",437.945,2023-04-05,7.746,7281
3,Oppenheimer,"$950,552,160","$325,365,160",34.2%,"$625,187,000",65.8%,en,The story of J. Robert Oppenheimer's role in the development of the atomic bomb during World War II.,1230.269,2023-07-19,8.154,5045
4,Guardians of the Galaxy Vol. 3,"$845,555,777","$358,995,815",42.5%,"$486,559,962",57.5%,en,"Peter Quill, still reeling from the loss of Gamora, must rally his team around him to defend the universe along with protecting one of their own. A mission that, if not completed successfully, could quite possibly lead to the end of the Guardians as we know them.",261.333,2023-05-03,8.007,5386
5,Fast X,"$704,709,660","$145,960,660",20.7%,"$558,749,000",79.3%,en,"Over many missions and against impossible odds, Dom Toretto and his family have outsmarted, out-nerved and outdriven every foe in their path. Now, they confront the most lethal opponent they've ever faced: A terrifying threat emerging from the shadows of the past who's fueled by blood revenge, and who is determined to shatter this family and destroy everything—and everyone—that Dom loves, forever.",645.851,2023-05-17,7.202,4360
6,Spider-Man: Across the Spider-Verse,"$690,516,673","$381,311,319",55.2%,"$309,205,354",44.8%,en,"After reuniting with Gwen Stacy, Brooklyn’s full-time, friendly neighborhood Spider-Man is catapulted across the Multiverse, where he encounters the Spider Society, a team of Spider-People charged with protecting the Multiverse’s very existence. But when the heroes clash on how to handle a new threat, Miles finds himself pitted against the other Spiders and must set out on his own to save those he loves most.",339.874,2023-05-31,8.401,5019
7,The Little Mermaid,"$569,626,289","$298,172,056",52.3%,"$271,454,233",47.7%,en,"The youngest of King Triton’s daughters, and the most defiant, Ariel longs to find out more about the world beyond the sea, and while visiting the surface, falls for the dashing Prince Eric. With mermaids forbidden to interact with humans, Ariel makes a deal with the evil sea witch, Ursula, which gives her a chance to experience life on land, but ultimately places her life – and her father’s crown – in jeopardy.",189.502,2023-05-18,6.484,2394
8,Mission: Impossible - Dead Reckoning Part One,"$567,535,383","$172,135,383",30.3%,"$395,400,000",69.7%,en,"Ethan Hunt and his IMF team embark on their most dangerous mission yet: To track down a terrifying new weapon that threatens all of humanity before it falls into the wrong hands. With control of the future and the world's fate at stake and dark forces from Ethan's past closing in, a deadly race around the globe begins. Confronted by a mysterious, all-powerful enemy, Ethan must consider that nothing can matter more than his mission—not even the lives of those he cares about most.",522.915,2023-07-08,7.6,2577
9,Elemental,"$495,923,852","$154,426,697",31.1%,"$341,497,155",68.9%,en,"In a city where fire, water, land and air residents live together, a fiery young woman and a go-with-the-flow guy will discover something elemental: how much they have in common.",370.202,2023-06-14,7.726,3099
10,Ant-Man and the Wasp: Quantumania,"$476,071,180","$214,504,909",45.1%,"$261,566,271",54.9%,en,"Super-Hero partners Scott Lang and Hope van Dyne, along with with Hope's parents Janet van Dyne and Hank Pym, and Scott's daughter Cassie Lang, find themselves exploring the Quantum Realm, interacting with strange new creatures and embarking on an adventure that will push them beyond the limits of what they thought possible.",151.401,2023-02-15,6.395,4228
11,John Wick: Chapter 4,"$440,146,694","$187,131,806",42.5%,"$253,014,888",57.5%,en,"With the price on his head ever increasing, John Wick uncovers a path to defeating The High Table. But before he can earn his freedom, Wick must face off against a new enemy with powerful alliances across the globe and forces that turn old friends into foes.",293.349,2023-03-22,7.791,5055
12,Transformers: Rise of the Beasts,"$438,966,392","$157,066,392",35.8%,"$281,900,000",64.2%,en,"When a new threat capable of destroying the entire planet emerges, Optimus Prime and the Autobots must team up with a powerful faction known as the Maximals. With the fate of humanity hanging in the balance, humans Noah and Elena will do whatever it takes to help the Transformers as they engage in the ultimate battle to save Earth.",370.455,2023-06-06,7.455,3610
13,Meg 2: The Trench,"$395,000,317","$82,600,317",20.9%,"$312,400,000",79.1%,en,An exploratory dive into the deepest depths of the ocean of a daring research team spirals into chaos when a malevolent mining operation threatens their mission and forces them into a high-stakes battle for survival.,386.421,2023-08-02,6.741,2602
14,Indiana Jones and the Dial of Destiny,"$383,963,057","$174,480,468",45.4%,"$209,482,589",54.6%,en,"Finding himself in a new era, and approaching retirement, Indy wrestles with fitting into a world that seems to have outgrown him. But as the tentacles of an all-too-familiar evil return in the form of an old rival, Indy must don his hat and pick up his whip once more to make sure an ancient and powerful artifact doesn't fall into the wrong hands.",206.908,2023-06-28,6.676,2103
15,Five Nights at Freddy's,"$284,194,141","$136,371,725",48%,"$147,822,416",52%,en,"Recently fired and desperate for work, a troubled young man named Mike agrees to take a position as a night security guard at an abandoned theme restaurant: Freddy Fazbear's Pizzeria. But he soon discovers that nothing at Freddy's is what it seems.",815.968,2023-10-25,7.855,2586
16,Creed III,"$275,248,615","$156,248,615",56.8%,"$119,000,000",43.2%,en,"After dominating the boxing world, Adonis Creed has thrived in his career and family life. When a childhood friend and former boxing prodigy, Damian Anderson, resurfaces after serving a long sentence in prison, he is eager to prove that he deserves his shot in the ring. The face-off between former friends is more than just a fight. To settle the score, Adonis must put his future on the line to battle Damian — a fighter with nothing to lose.",150.644,2023-03-01,7.182,2097
17,The Flash,"$270,633,313","$108,133,313",40%,"$162,500,000",60%,en,"When his attempt to save his family inadvertently alters the future, Barry Allen becomes trapped in a reality in which General Zod has returned and there are no Super Heroes to turn to. In order to save the world that he is in and return to the future that he knows, Barry's only hope is to race for his life. But will making the ultimate sacrifice be enough to reset the universe?",274.754,2023-06-13,6.837,3288
18,The Nun II,"$268,067,073","$86,267,073",32.2%,"$181,800,000",67.8%,en,"In 1956 France, a priest is violently murdered, and Sister Irene begins to investigate. She once again comes face-to-face with a powerful evil.",320.962,2023-09-06,6.912,1472
19,Taylor Swift: The Eras Tour,"$248,933,887","$178,243,751",71.6%,"$70,690,136",28.4%,en,"The cultural phenomenon continues on the big screen! Immerse yourself in this once-in-a-lifetime concert film experience with a breathtaking, cinematic view of the history-making tour.",55.968,2023-10-13,8.4,72
20,Sound of Freedom,"$247,801,971","$184,174,633",74.3%,"$63,627,338",25.7%,en,"The story of Tim Ballard, a former US government agent, who quits his job in order to devote his life to rescuing children from global sex traffickers.",297.752,2023-07-03,8.087,1539
21,Dungeons & Dragons: Honor Among Thieves,"$208,177,026","$93,277,026",44.8%,"$114,900,000",55.2%,en,"A charming thief and a band of unlikely adventurers undertake an epic heist to retrieve a lost relic, but things go dangerously awry when they run afoul of the wrong people.",129.32,2023-03-23,7.418,2655
22,PAW Patrol: The Mighty Movie,"$194,131,360","$65,231,360",33.6%,"$128,900,000",66.4%,en,"A magical meteor crash lands in Adventure City and gives the PAW Patrol pups superpowers, transforming them into The Mighty Pups.",359.852,2023-09-21,6.9,181
23,The Equalizer 3,"$190,687,282","$92,373,751",48.4%,"$98,313,531",51.6%,en,"Robert McCall finds himself at home in Southern Italy but he discovers his friends are under the control of local crime bosses. As events turn deadly, McCall knows what he has to do: become his friends' protector by taking on the mafia.",428.004,2023-08-30,7.42,1758
24,Insidious: The Red Door,"$189,086,877","$82,156,962",43.4%,"$106,929,915",56.6%,en,"To put their demons to rest once and for all, Josh Lambert and a college-aged Dalton Lambert must go deeper into The Further than ever before, facing their family's dark past and a host of new and more horrifying terrors that lurk behind the red door.",106.107,2023-07-05,6.76,1334
25,The Marvels,"$187,860,809","$77,590,648",41.3%,"$110,270,161",58.7%,en,"Carol Danvers, aka Captain Marvel, has reclaimed her identity from the tyrannical Kree and taken revenge on the Supreme Intelligence. But unintended consequences see Carol shouldering the burden of a destabilized universe. When her duties send her to an anomalous wormhole linked to a Kree revolutionary, her powers become entangled with that of Jersey City super-fan Kamala Khan, aka Ms. Marvel, and Carol’s estranged niece, now S.A.B.E.R. astronaut Captain Monica Rambeau. Together, this unlikely trio must team up and learn to work in concert to save the universe.",422.261,2023-11-08,6.6,576
26,The Hunger Games: The Ballad of Songbirds & Snakes,"$187,380,962","$103,197,294",55.1%,"$84,183,668",44.9%,en,"64 years before he becomes the tyrannical president of Panem, Coriolanus Snow sees a chance for a change in fortunes when he mentors Lucy Gray Baird, the female tribute from District 12.",468.282,2023-11-15,7.315,483
27,Teenage Mutant Ninja Turtles: Mutant Mayhem,"$180,513,586","$118,613,586",65.7%,"$61,900,000",34.3%,en,"After years of being sheltered from the human world, the Turtle brothers set out to win the hearts of New Yorkers and be accepted as normal teenagers through heroic acts. Their new friend April O'Neil helps them take on a mysterious crime syndicate, but they soon get in over their heads when an army of mutants is unleashed upon them.",192.377,2023-07-31,7.306,859
28,Scream VI,"$168,961,389","$108,161,389",64%,"$60,800,000",36%,en,"Following the latest Ghostface killings, the four survivors leave Woodsboro behind and start a fresh chapter.",114.79,2023-03-08,7.133,2075
29,Killers of the Flower Moon,"$152,080,574","$65,880,574",43.3%,"$86,200,000",56.7%,en,"When oil is discovered in 1920s Oklahoma under Osage Nation land, the Osage people are murdered one by one—until the FBI steps in to unravel the mystery.",174.1,2023-10-18,7.693,1030
30,Trolls Band Together,"$149,196,754","$66,187,390",44.4%,"$83,009,364",55.6%,en,"When Branch’s brother, Floyd, is kidnapped for his musical talents by a pair of nefarious pop-star villains, Branch and Poppy embark on a harrowing and emotional journey to reunite the other brothers and rescue Floyd from a fate even worse than pop-culture obscurity.",1256.001,2023-10-12,7.174,219
31,Evil Dead Rise,"$146,733,054","$67,233,054",45.8%,"$79,500,000",54.2%,en,"A reunion between two estranged sisters gets cut short by the rise of flesh-possessing demons, thrusting them into a primal battle for survival as they face the most nightmarish version of family imaginable.",96.85,2023-04-12,6.97,2477
32,The Exorcist: Believer,"$134,872,819","$65,535,160",48.6%,"$69,337,659",51.4%,en,"When two girls disappear into the woods and return three days later with no memory of what happened to them, the father of one girl seeks out Chris MacNeil, who's been forever altered by what happened to her daughter fifty years ago.",294.943,2023-10-04,6.185,615
33,Shazam! Fury of the Gods,"$133,838,006","$57,638,006",43.1%,"$76,200,000",56.9%,en,"Billy Batson and his foster siblings, who transform into superheroes by saying ""Shazam!"", are forced to get back into action and fight the Daughters of Atlas, who they must stop from using a weapon that could destroy the world.",125.22,2023-03-15,6.65,2554
34,Blue Beetle,"$129,288,072","$72,488,072",56.1%,"$56,800,000",43.9%,en,"Recent college grad Jaime Reyes returns home full of aspirations for his future, only to find that home is not quite as he left it. As he searches to find his purpose in the world, fate intervenes when Jaime unexpectedly finds himself in possession of an ancient relic of alien biotechnology: the Scarab.",399.327,2023-08-16,6.944,1767
35,Pathaan,"$128,780,000","$17,487,476",13.6%,"$95,095,974",73.8%,hi,"A soldier caught by enemies and presumed dead comes back to complete his mission, accompanied by old companions and foes.",26.072,2023-01-25,6.562,121
36,A Haunting in Venice,"$122,031,954","$42,471,412",34.8%,"$79,560,542",65.2%,en,"Celebrated sleuth Hercule Poirot, now retired and living in self-imposed exile in Venice, reluctantly attends a Halloween séance at a decaying, haunted palazzo. When one of the guests is murdered, the detective is thrust into a sinister world of shadows and secrets.",140.179,2023-09-13,6.773,1314
37,Gran Turismo,"$121,680,477","$44,428,554",36.5%,"$77,251,923",63.5%,en,The ultimate wish-fulfillment tale of a teenage Gran Turismo player whose gaming skills won him a series of Nissan competitions to become an actual professional racecar driver.,372.639,2023-08-09,8.0,1525
38,Haunted Mansion,"$117,449,790","$67,653,287",57.6%,"$49,796,503",42.4%,en,A woman and her son enlist a motley crew of so-called spiritual experts to help rid their home of supernatural squatters.,83.296,2023-07-26,6.598,737
39,Detective Conan: Black Iron Submarine,"$106,464,725",-,-,"$106,464,725",100%,ja,The 26th movie entry in the “Detective Conan” franchise.,186.717,2023-04-14,6.7,48
40,Saw X,"$106,226,238","$53,607,898",50.5%,"$52,618,340",49.5%,en,"Between the events of 'Saw' and 'Saw II', a sick and desperate John Kramer travels to Mexico for a risky and experimental medical procedure in hopes of a miracle cure for his cancer, only to discover the entire operation is a scam to defraud the most vulnerable. Armed with a newfound purpose, the infamous serial killer returns to his work, turning the tables on the con artists in his signature visceral way through devious, deranged, and ingenious traps.",335.649,2023-09-26,7.398,1170
41,The Creator,"$104,181,028","$40,774,679",39.1%,"$63,406,349",60.9%,en,"Amid a future war between the human race and the forces of artificial intelligence, a hardened ex-special forces agent grieving the disappearance of his wife, is recruited to hunt down and kill the Creator, the elusive architect of advanced AI who has developed a mysterious weapon with the power to end the war—and mankind itself.",886.265,2023-09-27,7.139,1218
42,Talk to Me,"$91,937,138","$48,299,436",52.5%,"$43,637,702",47.5%,en,"When a group of friends discover how to conjure spirits using an embalmed hand, they become hooked on the new thrill, until one of them goes too far and unleashes terrifying supernatural forces.",219.634,2023-07-26,7.203,1819
43,Air,"$90,060,106","$52,460,106",58.3%,"$37,600,000",41.7%,en,Discover the game-changing partnership between a then undiscovered Michael Jordan and Nike's fledgling basketball division which revolutionized the world of sports and culture with the Air Jordan brand.,39.294,2023-04-05,7.368,1470
44,Cocaine Bear,"$88,032,408","$64,388,510",73.1%,"$23,643,898",26.9%,en,"Inspired by a true story, an oddball group of cops, criminals, tourists and teens converge in a Georgia forest where a 500-pound black bear goes on a murderous rampage after unintentionally ingesting cocaine.",98.006,2023-02-22,6.164,1601
45,No Hard Feelings,"$87,246,866","$50,452,282",57.8%,"$36,794,584",42.2%,en,"On the brink of losing her childhood home, Maddie discovers an intriguing job listing: wealthy helicopter parents looking for someone to “date” their introverted 19-year-old son, Percy, before he leaves for college. To her surprise, Maddie soon discovers the awkward Percy is no sure thing.",119.546,2023-06-15,7.094,1809
46,Napoleon,"$83,665,814","$36,211,931",43.3%,"$47,453,883",56.7%,en,"An epic that details the checkered rise and fall of French Emperor Napoleon Bonaparte and his relentless journey to power through the prism of his addictive, volatile relationship with his wife, Josephine.",547.172,2023-11-22,6.454,399
47,The Roundup: No Way Out,"$83,410,298","$909,411",1.1%,"$82,500,887",98.9%,ko,"Detective Ma Seok-do changes his affiliation from the Geumcheon Police Station to the Metropolitan Investigation Team, in order to eradicate Japanese gangsters who enter Korea to commit heinous crimes.",22.546,2023-05-31,7.0,145
48,The Boy and the Heron,"$83,250,961",-,-,"$83,250,961",100%,ja,"While the Second World War rages, the teenage Mahito, haunted by his mother's tragic death, is relocated from Tokyo to the serene rural home of his new stepmother Natsuko, a woman who bears a striking resemblance to the boy's mother. As he tries to adjust, this strange new world grows even stranger following the appearance of a persistent gray heron, who perplexes and bedevils Mahito, dubbing him the ""long-awaited one.""",80.168,2023-07-14,7.271,207
49,The Pope's Exorcist,"$76,987,621","$20,009,380",26%,"$56,978,241",74%,en,"Father Gabriele Amorth, Chief Exorcist of the Vatican, investigates a young boy's terrifying possession and ends up uncovering a centuries-old conspiracy the Vatican has desperately tried to keep hidden.",98.431,2023-04-05,7.096,2210
50,Plane,"$74,515,586","$32,111,181",43.1%,"$42,404,405",56.9%,en,"After a heroic job of successfully landing his storm-damaged aircraft in a war zone, a fearless pilot finds himself between the agendas of multiple militias planning to take the plane and its passengers hostage.",84.394,2023-01-12,6.99,1865
51,Titanic 25 Year Anniversary,"$70,157,472","$15,033,795",21.4%,"$55,123,677",78.6%,-,-,-,-,-,-
52,The Boogeyman,"$67,307,243","$43,244,282",64.2%,"$24,062,961",35.8%,en,"Still reeling from the tragic death of their mother, a teenage girl and her younger sister find themselves plagued by a sadistic presence in their house and struggle to get their grieving father to pay attention before it’s too late.",62.056,2023-05-31,6.556,630
53,65,"$60,730,568","$32,062,904",52.8%,"$28,667,664",47.2%,en,"65 million years ago, the only 2 survivors of a spaceship from Somaris that crash-landed on Earth, must fend off dinosaurs to reach the escape vessel in time before an imminent asteroid strike threatens to destroy the planet.",71.128,2023-03-02,6.1,1842
54,Magic Mike's Last Dance,"$57,105,156","$26,005,156",45.5%,"$31,100,000",54.5%,en,"Mike Lane takes to the stage again after a lengthy hiatus, following a business deal that went bust, leaving him broke and taking bartender gigs in Florida. For what he hopes will be one last hurrah, Mike heads to London with a wealthy socialite who lures him with an offer he can’t refuse… and an agenda all her own. With everything on the line, once Mike discovers what she truly has in mind, will he—and the roster of hot new dancers he’ll have to whip into shape—be able to pull it off?",47.968,2023-02-09,6.749,382
55,Demon Slayer: Kimetsu No Yaiba - To the Swordsmith Village,"$56,119,404","$10,117,806",18%,"$46,001,598",82%,ja,"After his family is viciously murdered, a kind-hearted boy named Tanjiro Kamado resolves to become a Demon Slayer in hopes of turning his younger sister Nezuko back into a human.  Together with his comrades, Zenitsu and Inosuke, along with one of the top-ranking members of the Demon Slayer Corps, Tengen Uzui, Tanjiro embarks on a mission within the Entertainment District, where they encounter the formidable, high-ranking demons, Daki and Gyutaro.",47.02,2023-02-03,7.338,317
56,Knock at the Cabin,"$54,760,947","$35,397,980",64.6%,"$19,362,967",35.4%,en,"While vacationing at a remote cabin, a young girl and her two fathers are taken hostage by four armed strangers who demand that the family make an unthinkable choice to avert the apocalypse. With limited access to the outside world, the family must decide what they believe before all is lost.",53.209,2023-02-01,6.324,1998
57,Mummies,"$54,375,970","$4,275,970",7.9%,"$50,100,000",92.1%,es,"Through a series of unfortunate events, three mummies end up in present-day London and embark on a wacky and hilarious journey in search of an old ring belonging to the Royal Family, stolen by ambitious archaeologist Lord Carnaby.",57.084,2023-01-05,7.116,392
58,Jesus Revolution,"$54,236,400","$52,102,987",96.1%,"$2,133,413",3.9%,en,"In the 1970s, aimless teenager Greg Laurie searches for all the right things in all the wrong places until he meets Lonnie Frisbee, a charismatic hippie/street preacher. Together with local pastor Chuck Smith, they open the doors of a languishing church to an unexpected revival.",22.572,2023-02-23,6.8,85
59,Asteroid City,"$53,830,514","$28,153,025",52.3%,"$25,677,489",47.7%,en,"In an American desert town circa 1955, the itinerary of a Junior Stargazer/Space Cadet convention is spectacularly disrupted by world-changing events.",45.279,2023-06-08,6.6,1184
60,Wish,"$50,684,574","$33,382,831",65.9%,"$17,301,743",34.1%,en,"Asha, a sharp-witted idealist, makes a wish so powerful that it is answered by a cosmic force – a little ball of boundless energy called Star. Together, Asha and Star confront a most formidable foe - the ruler of Rosas, King Magnifico - to save her community and prove that when the will of one courageous human connects with the magic of the stars, wondrous things can happen.",351.074,2023-11-13,6.742,64
61,Operation Fortune: Ruse de Guerre,"$49,091,651","$6,496,125",13.2%,"$42,595,526",86.8%,en,Special agent Orson Fortune and his team of operatives recruit one of Hollywood's biggest movie stars to help them on an undercover mission when the sale of a deadly new weapons technology threatens to disrupt the world order.,68.595,2023-01-04,6.57,1112
62,Missing,"$48,767,848","$32,502,025",66.6%,"$16,265,823",33.4%,en,"When her mother disappears while on vacation in Colombia with her new boyfriend, June’s search for answers is hindered by international red tape. Stuck thousands of miles away in Los Angeles, June creatively uses all the latest technology at her fingertips to try and find her before it’s too late. But as she digs deeper, her digital sleuthing raises more questions than answers... and when June unravels secrets about her mom, she discovers that she never really knew her at all.",45.433,2023-01-19,7.5,768
63,Asterix & Obelix: The Middle Kingdom,"$46,497,678",-,-,"$46,497,678",100%,fr,Gallic heroes and forever friends Asterix and Obelix journey to China to help Princess Sa See save the Empress and her land from a nefarious prince.,37.962,2023-02-01,4.902,758
64,Ruby Gillman: Teenage Kraken,"$45,509,684","$15,753,600",34.6%,"$29,756,084",65.4%,en,"Ruby Gillman, a sweet and awkward high school student, discovers she's a direct descendant of the warrior kraken queens. The kraken are sworn to protect the oceans of the world against the vain, power-hungry mermaids. Destined to inherit the throne from her commanding grandmother, Ruby must use her newfound powers to protect those she loves most.",157.27,2023-06-28,7.398,760
65,80 for Brady,"$40,362,938","$39,330,588",97.4%,"$1,032,350",2.6%,en,A quartet of elderly best friends decide to live life to the fullest by taking a wild trip to the Super Bowl LI to see their hero Tom Brady play.,31.725,2023-02-03,6.7,113
66,"Miraculous: Ladybug & Cat Noir, the Movie","$39,481,300",-,-,"$39,481,300",100%,-,-,-,-,-,-
67,My Big Fat Greek Wedding 3,"$38,760,599","$28,496,030",73.5%,"$10,264,569",26.5%,en,"Following the death of their patriarch Gus, the Portokalos family travels to Greece for a family reunion, and to deliver Gus' journal to his old friends.",35.647,2023-09-07,6.662,68
68,Expend4bles,"$37,951,084","$16,710,153",44%,"$21,240,931",56%,en,"Armed with every weapon they can get their hands on and the skills to use them, The Expendables are the world’s last line of defense and the team that gets called when all other options are off the table. But new team members with new styles and tactics are going to give “new blood” a whole new meaning.",679.901,2023-09-15,6.431,820
69,Doraemon the Movie: Nobita's Sky Utopia,"$37,475,850",-,-,"$37,475,850",100%,ja,"Doraemon, Nobita and his friends go to find Utopia, a perfect land in the sky where everyone lives with happiness, using an airship having a time warp function.",30.291,2023-03-03,6.9,25
70,Smugglers,"$36,825,379",-,-,"$36,825,379",100%,ko,"Set in the 1970's, a smuggling operation exits within a small peaceful village by the sea. Those that are involved in the smuggling operation are Chun-ja, who works as a smuggler to make a living, her friend Jin-suk, who leads a group of female divers, and Master Sergeant Kwon. Master Sergeant Kwon is the king of smugglers nationally.",33.846,2023-07-26,7.182,11
71,Kingdom 3,"$36,259,522",-,-,"$36,259,522",100%,-,-,-,-,-,-
72,Ride On,"$36,258,730","$128,950",0.4%,"$36,129,780",99.6%,zh,A washed-up stuntman and his stunt horse become an overnight social media sensation when their real-life fight with debt collectors goes viral.,43.33,2023-04-07,7.401,191
73,Strays,"$35,948,970","$23,988,885",66.7%,"$11,960,085",33.3%,en,"When Reggie is abandoned on the mean city streets by his lowlife owner, Doug, Reggie is certain that his beloved owner would never leave him on purpose. But once Reggie falls in with Bug, a fast-talking, foul-mouthed stray who loves his freedom and believes that owners are for suckers, Reggie finally realizes he was in a toxic relationship and begins to see Doug for the heartless sleazeball that he is.",107.398,2023-08-17,7.551,535
74,Alibi.com 2,"$34,116,327",-,-,"$34,116,327",100%,fr,"After closing his agency Alibi.com and promising Flo that he would never lie to her again, Greg's new life became quiet, too quiet... Not for long! When he decides to propose to Flo, Greg is up against the wall and has to introduce his family. But with his crooked father and his ex-charm actress mother, this could ruin his future union. He has no choice but to reopen his agency with his former accomplices for an ultimate Alibi and to find more presentable fake parents.",14.45,2023-02-08,6.7,290
75,Don't Call it Mystery: The Movie,"$31,671,312",-,-,"$31,671,312",100%,-,-,-,-,-,-
76,The Three Musketeers - Part I: D'Artagnan,"$31,454,237",-,-,"$31,454,237",100%,fr,"D'Artagnan, a spirited young Gascon, is left for dead after trying to save a noblewoman from being kidnapped. Once in Paris, he tries by all means to find his attackers, unaware that his quest will lead him to the very heart of a war where the future of France is at stake. Aided by King's Musketeers Athos, Porthos and Aramis, he faces the machinations of villainous Cardinal Richelieu and Milady de Winter, while falling in love with Constance, the Queen's confidante.",45.961,2023-04-05,7.129,759
77,Tokyo MER,"$30,226,383",-,-,"$30,226,383",100%,-,-,-,-,-,-
78,BTS: Yet to Come in Cinemas,"$29,291,883","$8,093,270",27.6%,"$21,198,613",72.4%,ko,"Join RM, Jin, SUGA, j-hope, Jimin, V and Jung Kook in this special cinematic cut, re-edited and remixed for the big screen. Watch new close-up angles and a whole new view of the entire concert, BTS Yet To Come in Busan. Featuring hit songs from across the group's career, including ""Dynamite,"" ""Butter"" and “IDOL,"" plus the first concert performance of ""Run BTS"" from the group’s latest album Proof.",23.217,2023-02-01,7.2,45
79,Thanksgiving,"$28,993,610","$25,006,147",86.2%,"$3,987,463",13.8%,en,"After a Black Friday riot ends in tragedy, a mysterious Thanksgiving-inspired killer terrorizes Plymouth, Massachusetts - the birthplace of the holiday. Picking off residents one by one, what begins as random revenge killings are soon revealed to be part of a larger, sinister holiday plan.",156.556,2023-11-16,6.2,66
80,Book Club: The Next Chapter,"$28,986,713","$17,556,340",60.6%,"$11,430,373",39.4%,en,"Four best friends take their book club to Italy for the fun girls' trip they never had. When things go off the rails and secrets are revealed, their relaxing vacation turns into a once-in-a-lifetime cross-country adventure.",19.936,2023-05-11,6.624,109
81,Concrete Utopia,"$28,859,372",-,-,"$28,859,372",100%,ko,"The world has been reduced to rubble by a massive earthquake. While no one knows for sure how far the ruins stretch, or what the cause of the earthquake may be, in the heart of Seoul there is only one apartment building left standing. It is called Hwang Gung Apartments. The solidarity of its residents is rapidly dwindling. Under the leadership of the mysterious Yeong-tak, the lucky inhabitants of the building forcibly evict the homeless seeking shelter and impose a fascist discipline.",56.189,2023-08-09,7.283,30
82,Jawan,"$28,499,044","$15,198,530",53.3%,"$13,300,514",46.7%,hi,"An emotional journey of a prison warden, driven by a personal vendetta while keeping up to a promise made years ago, recruits inmates to commit outrageous crimes that shed light on corruption and injustice, in an attempt to get even with his past,  and that leads him to an unexpected reunion.",516.129,2023-09-07,7.2,121
83,Toy Story 2023 Re-release,"$27,503,758",-,-,"$27,503,758",100%,-,-,-,-,-,-
84,Renfield,"$26,348,651","$17,152,625",65.1%,"$9,196,026",34.9%,en,"Having grown sick and tired of his centuries as Dracula's lackey, Renfield finds a new lease on life — and maybe even redemption — when he falls for feisty, perennially angry traffic cop Rebecca Quincy.",55.79,2023-04-07,6.695,1155
85,There's Still Tomorrow,"$26,156,056",-,-,"$26,156,056",100%,-,-,-,-,-,-
86,Interstellar 2023 Re-release,"$25,950,515",-,-,"$25,950,515",100%,-,-,-,-,-,-
87,Gravity 2023 Re-release (10th Anniversary),"$24,981,634",-,-,"$24,981,634",100%,-,-,-,-,-,-
88,The Challenge,"$24,191,807",-,-,"$24,191,807",100%,ru,"Thoracic surgeon Evgenia Belyaeva has one month to prepare for a flight to the International Space Station, where she must operate on a crew member. Will she be up for the challenge? Can she overcome her fears and insecurities? Will she be able to perform the complicated surgery in zero gravity, and give the cosmonaut a chance to return to Earth alive?",4.277,2023-04-20,7.667,15
89,The Wish of the Fairy Fish,"$23,341,150",-,-,"$23,341,150",100%,ru,"If you go fishing, be prepared to draw the fish of your dreams, the magical Pike, which can grant any three wishes. Only Emelya let two wishes down the drain, and decided to save the third. Therefore, in order to achieve the hand of the royal daughter Anfisa, he will have to act without magical power, on his own. And Pike will help him, who without her skin will appear as an ordinary girl Vasilisa.",5.129,2023-10-26,8.75,2
90,Godzilla Minus One,"$23,130,760",-,-,"$23,130,760",100%,ja,"In postwar Japan, a new terror rises. Will the devastated people be able to survive... let alone fight back?",100.396,2023-11-03,8.2,10
91,The Dark Knight 2023 Re-release,"$22,011,318",-,-,"$22,011,318",100%,-,-,-,-,-,-
92,The Last Voyage of the Demeter,"$21,786,047","$13,637,180",62.6%,"$8,148,867",37.4%,en,The crew of the merchant ship Demeter attempts to survive the ocean voyage from Carpathia to London as they are stalked each night by a merciless presence onboard the ship.,146.806,2023-08-09,7.152,952
93,The Covenant,"$21,632,392","$16,938,039",78.3%,"$4,694,353",21.7%,-,-,-,-,-,-
94,"Are You There God? It's Me, Margaret.","$21,464,043","$20,372,406",94.9%,"$1,091,637",5.1%,en,"When her family moves from New York City to New Jersey, an 11-year-old girl navigates new friends, feelings, and the beginning of adolescence.",33.559,2023-03-29,7.35,170
95,Dumb Money,"$20,198,752","$13,925,356",68.9%,"$6,273,396",31.1%,en,"Vlogger Keith Gill sinks his life savings into GameStop stock and posts about it. When social media starts blowing up, so do his life and the lives of everyone following him. As a stock tip becomes a movement, everyone gets rich—until the billionaires fight back, and both sides find their worlds turned upside down.",71.04,2023-09-15,6.7,118
96,Past Lives,"$20,147,361","$10,923,569",54.2%,"$9,223,792",45.8%,en,"Nora and Hae Sung, two childhood friends, are reunited in New York for one fateful week as they confront notions of destiny, love, and the choices that make a life.",78.217,2023-06-02,7.939,312
97,Priscilla,"$19,602,138","$19,602,138",100%,-,-,en,"When teenage Priscilla Beaulieu meets Elvis Presley at a party, the man who is already a meteoric rock-and-roll superstar becomes someone entirely unexpected in private moments: a thrilling crush, an ally in loneliness, a vulnerable best friend.",32.138,2023-10-27,7.3,34
98,Radical,"$19,556,802","$7,920,902",40.5%,"$11,635,900",59.5%,en,"In a Mexican border town plagued by neglect, corruption, and violence, a frustrated teacher tries a radical new method to break through his students’ apathy and unlock their curiosity, their potential… and maybe even their genius.",203.417,2023-10-19,7.6,13
99,My Happy Marriage,"$19,506,407",-,-,"$19,506,407",100%,ja,"An unhappy young woman from an abusive family is married off to a fearsome and chilly army commander. But the two learn more about each other, love may have a chance.",14.024,2023-03-17,7.267,15
100,The House of No Man,"$19,490,980",-,-,"$19,490,980",100%,vi,"The story revolves around Mrs. Nu's family consisting of three generations living together in the same house. The one-handed Mrs. Nu is known for her crab cakes and is also notorious for controlling the lives of everyone, from her daughter to her son-in-law. Everything was going normally until the youngest daughter fell in love with a handsome guy from a rich family. The story depicts the complex, multi-dimensional relationships that occur with family members. The main tagline (message) ""Everyone is at fault, but everyone thinks they are... the victim"" contains many hidden meanings about the content the film wants to convey.",3.417,2023-01-22,4.5,2
101,Champions,"$18,906,947","$16,271,910",86.1%,"$2,635,037",13.9%,en,A stubborn and hotheaded minor league basketball coach is forced to train a Special Olympics team when he is sentenced to community service.,32.193,2023-03-09,6.945,217
102,Retribution,"$18,690,902","$6,937,696",37.1%,"$11,753,206",62.9%,en,"When a mysterious caller puts a bomb under his car seat, Matt Turner begins a high-speed chase across the city to complete a specific series of tasks- all with his kids trapped in the back seat.",308.888,2023-08-23,6.988,694
103,IDOLiSH7 Movie: LIVE 4bit - BEYOND THE PERiOD,"$18,463,044",-,-,"$18,463,044",100%,ja,"A live performance by IDOLiSH7, TRIGGER, Re:vale, and ŹOOĻ , 4 groups with different charms, will meet in one place, and the grand live entertainment will begin!",69.429,2023-05-20,9.5,2
104,Anatomy of a Fall,"$18,204,987","$3,366,614",18.5%,"$14,838,373",81.5%,fr,"A woman is suspected of her husband’s murder, and their blind son faces a moral dilemma as the sole witness.",146.167,2023-08-23,7.825,355
105,The Blackening,"$18,169,453","$17,707,207",97.5%,"$462,246",2.5%,en,"Seven black friends go away for the weekend, only to find themselves trapped in a cabin with a killer who has a vendetta. They must pit their street smarts and knowledge of horror movies against the murderer to stay alive.",30.659,2023-06-15,6.076,157
106,About My Father,"$18,167,819","$12,089,391",66.5%,"$6,078,428",33.5%,en,"Encouraged by his fiancee, a man and his father spend the weekend with her wealthy and exceedingly eccentric family. The gathering soon develops into a culture clash, allowing father and son to discover the true meaning of family.",32.932,2023-05-25,6.205,149
107,Love Reset,"$17,956,094",-,-,"$17,956,094",100%,ko,"A romantic comedy about 'Roh Jeong-yeol' and 'Hong Na-ra' who lost their memories due to an unexpected accident just 30 days before the end of their married life, which started as a romance but turned into a thriller.",11.889,2023-10-03,7.0,1
108,Mavka: The Forest Song,"$17,820,781",-,-,"$17,820,781",100%,uk,"Forest soul Mavka faces an impossible choice between her heart and her duty as guardian to the Heart of the Forest, when she falls in love with the talented young human musician Lukas.",248.129,2023-03-02,7.286,513
109,The Blind,"$17,265,487","$17,265,487",100%,-,-,en,"Long before Phil Robertson was a reality-TV star, he fell in love and started a family, but his demons threatened to tear their lives apart. This is the true story that started a dynasty.",9.71,2023-09-28,7.4,12
110,Tokyo Revengers 2: Bloody Halloween - Destiny,"$17,216,567",-,-,"$17,216,567",100%,ja,"Hinata is murdered again by the Tokyo Manjikai Gang in front of Takemichi. In order to save Hinata, Takemichi travels 10 years back in time again. Takemichi has to change a key case that can save Hinata. The key case involves a sad incident that occurred to 6 men, who later formed the Tokyo Manjikai Gang.",16.475,2023-04-21,6.556,9
111,Shin Jigen! Crayon Shin-chan the Movie,"$16,926,552",-,-,"$16,926,552",100%,ja,"40-years ago, there was a prophecy claiming that in the year of “20” and “23”, two emitting lights would come to the Earth from outer space. And the dark light with strong power will bring out a huge disaster. In the summer of 2023, as predicted, two mysterious lights approach Japan and descend on Kasukabe. The white light hits Shin-chan, which makes him get a superpower. Meanwhile, a man called Mitsuru Hiriya, has been bathed in dark light and has acquired psychic powers begins to run amok. A man who wants the destruction of the world, Hiriya VS A happy-go-lucky kindergarten child, Shinnosuke. A superpower battle is going to begin!",38.363,2023-08-04,8.0,1
112,The Legend & Butterfly,"$16,087,771",-,-,"$16,087,771",100%,-,-,-,-,-,-
113,Die drei ??? - Erbe des Drachen,"$15,860,016",-,-,"$15,860,016",100%,de,"During the summer vacations, the three friends are about to take a trip together to Romania, where they are allowed to complete an internship on the film set of ""Dracula Rises"", arranged for them by Peter's father, who is responsible for the special effects during the filming. No sooner do they arrive in Transylvania than mysterious events begin to pile up at Countess Codrina's old castle, which serves as the original setting for the film. The three detectives want to find out what all this may have to do with a boy who has been missing for over 50 years, a mysterious brotherhood and an enigmatic undead. Soon, not only the filming and Peter's relationship with his father are at stake, but also the friendship of the three investigators.",11.796,2023-01-26,6.196,23
114,Shin Kamen Rider,"$15,787,771",-,-,"$15,787,771",100%,ja,"A man forced to bear power and stripped of humanity. A woman skeptical of happiness. Takeshi Hongo, an Augmentation made by SHOCKER, and Ruriko Midorikawa, a rebel of the organization, escape while fighting off assassins. What’s justice? What’s evil? Will this violence end? Despite his power, Hongo tries to remain human. Along with freedom, Ruriko has regained a heart. What paths will they choose?",67.71,2023-03-17,7.0,218
115,Joy Ride,"$15,787,674","$12,897,789",81.7%,"$2,889,885",18.3%,en,"When Audrey's business trip to Asia goes sideways, she enlists the aid of Lolo, her irreverent, childhood best friend who also happens to be a hot mess; Kat, her college friend turned Chinese soap star; and Deadeye, Lolo's eccentric cousin. Their no-holds-barred, epic experience becomes a journey of bonding, friendship, belonging, and wild debauchery that reveals the universal truth of what it means to know and love who you are.",32.943,2023-06-22,6.597,191
116,Hypnotic,"$15,743,235","$4,500,169",28.6%,"$11,243,066",71.4%,en,A detective becomes entangled in a mystery involving his missing daughter and a secret government program while investigating a string of reality-bending crimes.,133.782,2023-05-11,6.424,764
117,A Guilty Conscience,"$14,914,575",-,-,"$14,914,575",100%,cn,"After his negligence causes an innocent woman to go to jail, a lawyer and his colleagues work to clear her name.",6.958,2023-01-20,6.7,34
118,Tokyo Revengers 2: Bloody Halloween - Decisive Battle,"$14,584,970",-,-,"$14,584,970",100%,ja,"The long-awaited sequel to ""Tokyo Revengers"" will be released in two parts, before and after the film. Once again, Hinata is killed in front of Takemichi's very eyes by the now-militarized Tokyo Manjikai.",10.081,2023-06-30,8.5,4
119,Dr. Cheon and Lost Talisman,"$14,574,445","$84,362",0.6%,"$14,490,083",99.4%,ko,"Psychiatrist Dr. Cheon and his assistant In-bae travel all over the country to perform fake excorcism. One day, a mysterious woman visits him, asking him to treat her sick sister after seeing his exorcism online. The pair heads to an eerie village and meets the little girl, only to realize that she is truly possessed by a superhuman being. Upon some research, they find out that a deadly being known simply as the Mage has a special ability to control people like puppets, but indoing so, they've put themselves in the Mage's crosshairs, and they must now defend themselves for their own lives.",19.897,2023-09-27,5.8,5
120,Epic Tails,"$14,487,734",-,-,"$14,487,734",100%,fr,"An adventurous mouse sets off to battle dangerous creatures in Ancient Greece, including Poseidon.",58.999,2023-01-25,6.9,51
121,Sisu,"$14,281,199","$7,265,622",50.9%,"$7,015,577",49.1%,fi,"Deep in the wilderness of Lapland, Aatami Korpi is searching for gold but after he stumbles upon Nazi patrol, a breathtaking and gold-hungry chase through the destroyed and mined Lapland wilderness begins.",119.791,2023-01-27,7.532,1520
122,12.12: The Day,"$14,169,243",-,-,"$14,169,243",100%,ko,"After the assassination of President Park, martial law has been declared. A coup d’état bursts out by Defense Security Commander Chun Doo-gwang and a private band of officers following him. Capital Defense Commander Lee Tae-shin, an obstinate soldier who believes the military should not take political actions, fights against Chun Doo-gwang to stop him.",45.482,2023-11-22,9.0,1
123,Rehragout Rendezvous,"$14,127,069",-,-,"$14,127,069",100%,de,"A bang at the Eberhofer farm: Grandma goes on strike and wants to get rid of the family care in the future. Pure chaos! The family is supposed to learn how to take care of themselves. Now, of all times, Susi temporarily takes over Niederkaltenkirchen's town hall as deputy mayor and, with her newfound power, reduces Franz's position to part-time so that he can take care of son Pauli in the future. This action touches the Eberhofer's masculinity sensitively. Fortunately, it doesn't take long for a crow to pick up a human ear, and what should have been a deadlocked missing person's case surprisingly develops into a tricky murder case that once again unites Franz and Rudi as an investigative dream team in top form.",5.068,2023-08-10,7.4,5
124,3 jours max,"$14,101,723",-,-,"$14,101,723",100%,fr,The Grandmother of Ryane was kidnapped by a Mexican cartel and he has three days max to free her.,7.586,2023-10-25,5.2,30
125,His Only Son,"$13,819,781","$12,392,740",89.7%,"$1,427,041",10.3%,en,"By God's order, Abraham was commanded to sacrifice his son Isaac on the mountain of Moriah. While traveling to the place of the sacrifice, alongside Isaac and two servants, Abraham is flooded with vivid memories from the years he and Sarah spent longing for the son they were promised—the son he must now lay upon the altar.",61.783,2023-03-30,5.7,10
126,Jeanne du Barry,"$13,634,055",-,-,"$13,634,055",100%,fr,"The life of Jeanne Bécu, who was born as the illegitimate daughter of an impoverished seamstress in 1743 and went on to rise through the Court of Louis XV to become his last official mistress.",33.829,2023-05-16,7.053,255
127,The Holdovers,"$13,498,565","$13,498,565",100%,-,-,en,"A curmudgeonly instructor at a New England prep school is forced to remain on campus during Christmas break to babysit the handful of students with nowhere to go. Eventually, he forms an unlikely bond with one of them — a damaged, brainy troublemaker — and with the school’s head cook, who has just lost a son in Vietnam.",96.869,2023-10-27,7.8,54
128,The Point Men,"$13,433,834",-,-,"$13,433,834",100%,ko,A story about a diplomat and a national intelligence service agent who struggle and risk their lives on foreign soil to save Korean hostages that have been abducted in the Middle East.,10.737,2023-01-18,6.315,27
129,"Manta, Manta: Legacy","$13,078,126",-,-,"$13,078,126",100%,-,-,-,-,-,-
130,Championext,"$12,906,977",-,-,"$12,906,977",100%,-,-,-,-,-,-
131,Love Again,"$12,696,584","$6,230,837",49.1%,"$6,465,747",50.9%,en,"Mira Ray, dealing with the loss of her fiancé, sends a series of romantic texts to his old cell phone number… not realizing the number was reassigned to Rob Burns' new work phone. A journalist, Rob is captivated by the honesty in the beautifully confessional texts. When he’s assigned to write a profile of megastar Céline Dion, he enlists her help in figuring out how to meet Mira in person and win her heart.",30.625,2023-05-04,6.7,225
132,Bottoms,"$12,590,834","$12,036,071",95.6%,"$554,763",4.4%,en,Unpopular best friends PJ and Josie start a high school self-defense club to meet girls and lose their virginity. They soon find themselves in over their heads when the most popular students start beating each other up in the name of self-defense.,84.467,2023-08-25,6.92,224
133,Face Off 6: The Ticket of Destiny,"$11,538,081",-,-,"$11,538,081",100%,vi,"A group of longtime friends suddenly received a chance to change their lives when they found out that the group's ticket won a jackpot of 136.8 billion. Suddenly, An, the ticket holder, had an accident and did not survive. Faced with the dream winning money that should have been easily available, the group of friends embarked on a journey to find the lottery ticket. But that was only the beginning of countless unexpected events. Where will this quest to find and share the lucrative dream money really lead the group?",1.562,2023-04-28,6.5,2
134,Beau Is Afraid,"$11,480,078","$8,176,562",71.2%,"$3,303,516",28.8%,en,A paranoid man embarks on an epic odyssey to get home to his mother.,41.121,2023-04-14,6.812,629
135,After Death,"$11,460,826","$11,460,826",100%,-,-,en,"Based on real near-death experiences, the afterlife is explored with the guidance of New York Times bestselling authors, medical experts, scientists and survivors who shed a light on what awaits us.",7.324,2023-10-26,5.3,2
136,Tiger 3,"$11,253,929","$5,365,263",47.7%,"$5,888,666",52.3%,hi,"Following the events of Tiger Zinda Hai, War, and Pathaan, Avinash Singh Rathore returns as Tiger but this time the battle is within. He has to choose between his country or family as an old enemy is after his life, who claims that his family was killed by Tiger. He holds Tiger captive in Pakistan as the Indian agent's loyalty towards his country faces its biggest test.",34.26,2023-11-12,5.889,9
137,What's Love Got to Do with It?,"$11,108,409",-,-,"$11,108,409",100%,en,Two childhood friends now in their thirties must decide whether to follow their heads or their hearts once the man decides to follow his parents' advice and enter into an arranged marriage in Pakistan.,19.657,2023-01-26,6.015,132
138,Samurai Beyond Admiration Record to the World's Best,"$10,876,188",-,-,"$10,876,188",100%,ja,,1.4,2023-06-02,7.0,1
139,Honey Sweet,"$10,765,835",-,-,"$10,765,835",100%,-,-,-,-,-,-
140,The Machine,"$10,664,328","$10,458,331",98.1%,"$205,997",1.9%,en,"Bert Kreischer faces a familial crisis and the arrival of his estranged father when the ghost of his booze-soaked past arrives: a murderous mobster hellbent on kidnapping Bert back to the motherland to atone for his crimes. Together, he and his father must retrace the steps of his younger self in the midst of a war between a sociopathic crime family while they attempt to find common ground.",25.704,2023-05-25,5.914,104
141,After Everything,"$10,641,434",-,-,"$10,641,434",100%,en,"Besieged by writer’s block and the crushing breakup with Tessa, Hardin travels to Portugal in search of a woman he wronged in the past – and to find himself. Hoping to win back Tessa, he realizes he needs to change his ways before he can make the ultimate commitment.",244.182,2023-09-13,7.032,561
142,The Nightmare Before Christmas 30th Anniversary Re-Release,"$10,372,075","$10,251,956",98.8%,"$120,119",1.2%,-,-,-,-,-,-
143,Sleep,"$10,331,786",-,-,"$10,331,786",100%,-,-,-,-,-,-
144,The Crime Is Mine,"$10,262,678",-,-,"$10,262,678",100%,fr,"In 1930s Paris, Madeleine, a pretty, young, penniless and talentless actress, is accused of murdering a famous producer. Helped by her best friend Pauline, a young unemployed lawyer, she is acquitted on the grounds of self-defense. A new life of fame and success begins, until the truth comes out.",17.73,2023-03-08,6.528,266
145,Sun and Concrete,"$10,119,958",-,-,"$10,119,958",100%,de,"The four friends Lukas, Julius, Gino and Sanchez are trying to survive the everyday life in Neukölln, Berlin between drugs, gangs, rap, violence and boredom. Until they are one day making a serious decision with serious consequences because of a dead certain plan.",4.68,2023-03-02,7.727,44
146,Talk to Her Undated France Release,"$9,549,865",-,-,"$9,549,865",100%,-,-,-,-,-,-
147,The Lord of the Rings: The Return of the King 2023 Re-release (20th Anniversary),"$9,412,973","$1,176,085",12.5%,"$8,236,888",87.5%,-,-,-,-,-,-
148,Kandahar,"$9,385,271","$4,813,132",51.3%,"$4,572,139",48.7%,en,"After his mission is exposed, an undercover CIA operative stuck deep in hostile territory in Afghanistan must fight his way out, alongside his Afghan translator, to an extraction point in Kandahar, all whilst avoiding elite enemy forces and foreign spies tasked with hunting them down.",146.687,2023-05-25,6.9,732
149,House Party,"$9,284,647","$9,002,247",97%,"$282,400",3%,en,"Aspiring club promoters and best buds Damon and Kevin are barely keeping things together. Out of money, down on their luck and about to lose the roofs over their heads—and freshly fired from their low-lift jobs as house cleaners—the pair needs a huge windfall to make their problems go away. In a ‘what the hell?’ move, they decide to host the party of the year at an exclusive mansion, the site of their last cleaning job, which just happens to belong to none other than LeBron James. No permission? No problem. What could go wrong?",22.104,2023-01-12,5.738,84
150,All Your Faces,"$9,056,053",-,-,"$9,056,053",100%,fr,"Since 2014, France's restorative justice programmes have offered a safe space for supervised dialogue between offenders and victims. Grégoire, Nawelle, and Sabine, victims of heists and violent robberies, agree to join one of these discussion groups alongside offenders Nassim, Issa, and Thomas, all convicted of violent robberies. Meanwhile Chloé, a victim of childhood sexual abuse, prepares for dialogue with her own agressor after learning he has moved back into town.",11.292,2023-03-29,8.114,307
151,The Wandering Earth II,"$8,854,786","$5,023,132",56.7%,"$3,831,654",43.3%,zh,"Humans built huge engines on the surface of the earth to find a new home. But the road to the universe is perilous. In order to save earth, young people once again have to step forward to start a race against time for life and death.",113.248,2023-01-22,7.221,400
152,Freelance,"$8,618,457","$5,314,136",61.7%,"$3,304,321",38.3%,en,"An ex-special forces operative takes a job to provide security for a journalist as she interviews a dictator, but a military coup breaks out in the middle of the interview, they are forced to escape into the jungle where they must survive.",104.793,2023-10-05,6.947,75
153,Father & Soldier,"$8,598,322",-,-,"$8,598,322",100%,fr,"1917. Bakary Diallo enlists in the French army to join his 17-year-old son, Thierno, who has been forcibly recruited. Sent to the front, they will have to face the war together. While Thierno learns to become a man, Bakary will do everything to bring him back safely.",19.161,2023-01-04,6.0,181
154,PreCure All Stars F,"$8,519,569",-,-,"$8,519,569",100%,-,-,-,-,-,-
155,Dream,"$8,317,251",-,-,"$8,317,251",100%,en,"In a world where dreams can be shared and manipulated, two strangers find themselves drawn to each other through their nightly escapades. They have never met in real life, but they know each other’s deepest desires and fears. As their connection grows stronger, they begin to question their reality and their identities. Are they really who they think they are? And what will happen when they finally wake up?",24.43,2023-11-30,0.0,0
156,Vacaciones de verano,"$8,209,854",-,-,"$8,209,854",100%,-,-,-,-,-,-
157,Weekend Rebels,"$8,184,539",-,-,"$8,184,539",100%,de,"Mirco von Juterczenka's novel ""Wir Wochenendrebellen"" is the story of a father and his ten-year-old son, who is Asperger's autistic. The boy has set his mind on finally finding his favourite football club. But his selection criteria are very specific and besides, he wants to experience all the clubs (no matter in which league they play) live in the stadium.",4.406,2023-09-28,8.167,10
158,On the Wandering Paths,"$8,172,772",-,-,"$8,172,772",100%,fr,"Pierre, a famous explorer and writer, travels regularly through the world. Someday, climbing a hotel frontage while drunk, he falls from high and into a deep coma. When he awakes, he has difficulties walking but, against everyone's advices, he decides to walk through France, following forgotten pathways...",12.712,2023-03-22,6.25,96
159,Ransomed,"$8,101,634","$142,101",1.8%,"$7,959,533",98.2%,ko,"In Beirut 1986, during the Lebanese civil war a Korean diplomat is taken hostage without a trace. Two years pass and long forgotten, a young diplomat Min-jun receives a phone call proving that the hostage is still alive. With the given mission, Min-jun is sent to Beirut to save the hostage with a bag of ransom money.",8.651,2023-08-02,7.3,7
160,The Animal Kingdom,"$8,083,923",-,-,"$8,083,923",100%,fr,"In a world hit by a wave of mutations transforming humans into animals, François does everything he can to save his wife. As some of the creatures disappear into a nearby forest, he and their son Émile embark on a quest that will change their lives forever.",16.666,2023-10-04,7.412,171
161,Cobweb,"$8,052,602",-,-,"$8,052,602",100%,en,"Eight year old Peter is plagued by a mysterious, constant tapping from inside his bedroom wall—one that his parents insist is all in his imagination. As Peter's fear intensifies, he believes that his parents could be hiding a terrible, dangerous secret and questions their trustworthiness.",383.613,2023-07-19,6.8,479
162,The Peasants,"$7,982,503",-,-,"$7,982,503",100%,pl,"Peasant girl Jagna is forced to marry the much older, wealthy farmer Boryna, despite her love for his son Antek. With time, Jagna becomes the object of envy and disdain with the villagers and she must fight to preserve her independence.",12.1,2023-10-13,8.026,19
163,Checker Tobi und die Reise zu den fliegenden Flüssen,"$7,953,344",-,-,"$7,953,344",100%,de,,3.318,2023-10-05,7.333,3
164,The Silent Service,"$7,836,539",-,-,"$7,836,539",100%,ja,"Shiro Kaieda is appointed the captain of Japan's first nuclear submarine, jointly built by Japan and the United States in top secret. However, he and his 76 crew members go rogue in this story that delves into themes of nuclear war, international politics, and world peace.",2.627,2023-09-29,9.0,1
165,The Hill,"$7,665,865","$7,665,865",100%,-,-,en,"The story of Rickey Hill, who overcomes his physical disability and repairs his relationship with his father in a quest to become a major league baseball (MLB) player.",13.165,2023-08-18,6.833,12
166,Analog,"$7,586,455",-,-,"$7,586,455",100%,-,-,-,-,-,-
167,The Jungle Bunch 2: World Tour,"$7,551,476",-,-,"$7,551,476",100%,fr,Sequel to the film The Jungle Bunch (2017).,4.411,2023-08-16,7.0,7
168,Second Tour,"$7,466,699",-,-,"$7,466,699",100%,fr,"A disgraced political journalist placed in the soccer section, Miss Pove is asked to follow the presidential campaign in progress. The front-runner is a fifty-year-old heir to a powerful French family and a political novice. Troubled by this candidate, whom she has known to be less smooth in the past, Miss Pove embarks on an investigation that is as surprising as it is jubilant.",8.546,2023-10-25,6.64,82
169,Cats in the Museum,"$7,445,789",-,-,"$7,445,789",100%,ru,A cartoon about the famous four-legged inhabitants of the St. Petersburg Winter Palace - museum cats that protect the territory of the State Hermitage from rats and mice.,44.644,2023-03-23,7.2,36
170,Ichikei's Crow,"$7,377,092",-,-,"$7,377,092",100%,-,-,-,-,-,-
171,Star Wars: Episode VI - Return of the Jedi 2023 Re-release,"$7,259,924","$7,259,924",100%,-,-,-,-,-,-,-,-
172,Road to Boston,"$7,196,843",-,-,"$7,196,843",100%,ko,"A rousing tale of the Korean athletes who ran the 1947 Boston International Marathon, the first international marathon held since World War II.",19.387,2023-09-27,6.75,4
173,Coraline 2023 Re-release (remastered),"$7,149,366","$7,149,366",100%,-,-,-,-,-,-,-,-
174,Saltburn,"$7,148,506","$3,963,662",55.4%,"$3,184,844",44.6%,en,"Struggling to find his place at Oxford University, student Oliver Quick finds himself drawn into the world of the charming and aristocratic Felix Catton, who invites him to Saltburn, his eccentric family's sprawling estate, for a summer never to be forgotten.",71.365,2023-11-16,7.296,27
175,Les petites victoires,"$7,056,157",-,-,"$7,056,157",100%,fr,"Between her roles as mayor and teacher in the small village of Kerguen, Alice's days are very full. When an unexpected new student, 60-year-old Emile, finally decides to learn to read and write, her daily life threatens to become unmanageable. Especially since Alice will also have to save her village and her school...",10.884,2023-03-01,6.806,62
176,Knights of the Zodiac,"$6,986,177","$1,090,155",15.6%,"$5,896,022",84.4%,en,"When a headstrong street orphan, Seiya, in search of his abducted sister unwittingly taps into hidden powers, he discovers he might be the only person alive who can protect a reincarnated goddess, sent to watch over humanity. Can he let his past go and embrace his destiny to become a Knight of the Zodiac?",144.996,2023-04-27,6.613,896
177,Leo,"$6,978,436",-,-,"$6,978,436",100%,en,"Jaded 74-year-old lizard Leo has been stuck in the same Florida classroom for decades with his terrarium-mate turtle. When he learns he only has one year left to live, he plans to escape to experience life on the outside but instead gets caught up in the problems of his anxious students — including an impossibly mean substitute teacher.",1893.365,2023-11-17,7.737,287
178,Beautiful Disaster,"$6,850,036",-,-,"$6,850,036",100%,en,"Bad-boy Travis is exactly what college freshman Abby needs and wants to avoid. He spends his nights fighting in underground boxing matches, and his days as the ultimate college campus charmer. But Abby wants nothing to do with Travis. Intrigued by Abby’s resistance, Travis offers her a simple bet: if he loses his next fight, he must remain sex-free for a month. If he wins, Abby must live in his apartment for the same amount of time. Either way, Travis has no idea that Abby’s dark past is about to emerge, and he may have finally met his match.",58.028,2023-04-04,6.597,506
179,Baba Yaga spasaet mir,"$6,845,228",-,-,"$6,845,228",100%,ru,"Our days. Curious schoolboy Senka finds himself in a fairy-tale forest, hidden from human eyes by the spell of Yaga. To cast the spell again, Yaga goes to a modern city in search of a magical wonderful color. In the city, Koshchei, who remained alive after the battle with Ivan Tsarevich, has been waiting for a meeting with Yaga for a thousand years. Koschei is hiding in a dark dungeon and wants revenge, because it was Yaga who helped defeat him. There will be a new battle of good and evil. The winner will be the one who will be supported by the schoolboy Senka, who until the last did not believe that he was in a fairy tale.",5.117,2023-08-03,5.833,3
180,A Difficult Year,"$6,785,746",-,-,"$6,785,746",100%,fr,"Compulsive spenders Albert and Bruno are in debt up to their necks. While seeking help from community workers to get their lives back on track, they run into a group of young green activists. Lured by the free beer and snacks rather than by the ideals of eco-activists, Albert and Bruno find themselves joining the movement without much conviction.",9.31,2023-10-18,6.2,77
181,Blue Giant,"$6,761,468","$266,645",3.9%,"$6,494,823",96.1%,ja,"Dai Miyamoto's life is turned upside down the day he discovers jazz. A former high school basketball player, Dai picks up a saxophone and begins practicing day and night, determined to become one of the greatest of all time. He leaves his sleepy hometown for the bustling nightclubs of Tokyo, but soon finds the life of a professional musician is not for the faint of heart. His passion eventually wins over the cocky but talented pianist Yukinori, and after Dai convinces his friend Shunji to learn the drums, they launch a new jazz trio whose rough sound contains a raw energy that quickly wins attention from local audiences. But what does it take to truly be great?",97.766,2023-02-17,9.0,6
182,Pravednik,"$6,758,440",-,-,"$6,758,440",100%,-,-,-,-,-,-
183,The Miracle Club,"$6,625,669","$2,402,780",36.3%,"$4,222,889",63.7%,en,"Three close friends who have never left the outskirts of Dublin (much less Ireland) get the journey of a lifetime — a visit to Lourdes, the picturesque French town and place of miracles.",22.899,2023-07-14,5.967,15
184,A Brighter Tomorrow,"$6,602,609",-,-,"$6,602,609",100%,it,A film director unhappy with the movie he's shooting about a Hungarian circus stranded in Rome during the 1956 anti-Soviet uprising faces divorce from his producer wife.,13.699,2023-04-20,7.111,207
185,The Great Escaper,"$6,541,807",-,-,"$6,541,807",100%,en,"In the summer of 2014, a World War II veteran sneaks out of his care home to attend the 70th anniversary commemoration of the D-Day landings in Normandy.",17.395,2023-10-06,6.565,23
186,It Lives Inside,"$6,478,121","$4,675,092",72.2%,"$1,803,029",27.8%,en,"Desperate to fit in at school, Sam rejects her East Indian culture and family to be like everyone else. However, when a mythological demonic spirit latches onto her former best friend, she must come to terms with her heritage to defeat it.",83.962,2023-09-06,5.724,87
187,Little Bird: The Big Quest,"$6,443,448",-,-,"$6,443,448",100%,en,"Richard, a sparrow who was adopted by a stork family, is wintering at the Great Lake in Northern Africa. When he realises that he won’t be the one to lead his flock back North, Richard decides to fly away to travel on his own and crosses paths with Samia and her sparrow flock, who are being held captive by evil marabous under the control of the greedy peacock Zamano. The only chance of freedom for the sparrows is to solve a riddle and find the Great Jewel, which will call upon teamwork, trust and most of all- spork (sparrow + stork) skills.",10.952,2023-03-23,7.2,6
188,City Hunter the Movie: Angel Dust,"$6,394,423",-,-,"$6,394,423",100%,ja,,4.911,2023-09-08,0.0,0
189,Rohan at the Louvre,"$6,292,792",-,-,"$6,292,792",100%,ja,"The blackest and most evil painting in the world. In pursuit of its mystery, Rohan Kishibe, a manga artist with a special power, visits the Louvre in France. There, a number of horrifying events await him...",8.026,2023-05-26,7.3,6
190,Marlowe,"$6,276,005","$4,350,243",69.3%,"$1,925,762",30.7%,en,Private detective Philip Marlowe becomes embroiled in an investigation involving a wealthy Californian family after a beautiful blonde hires him to track down her former lover.,31.655,2023-02-15,5.909,259
191,Mafia Mamma,"$6,120,609","$3,496,761",57.1%,"$2,623,848",42.9%,en,"A suburban American woman inherits her grandfather’s Mafia empire and, guided by the Firm’s trusted consigliere, defies everyone’s expectations, including her own, as the new head of the family business.",34.594,2023-04-13,6.247,158
192,Life for Real,"$6,119,404",-,-,"$6,119,404",100%,-,-,-,-,-,-
193,"And Yet, You Are So Sweet","$6,099,393",-,-,"$6,099,393",100%,ja,"Kisaragi Maaya, 16 years old. The first love confession of her life ended in complete rejection. She vows to ""never confess to someone again"" in the presence of the stoic but popular Chigira-kun, while on library duty together one day. Upon meeting again, and seeing her upset while reminiscing the past, he proposes they undertake a ""pretend unrequited love play"". As Maaya's heart begins to heal, her thoughts turn to them getting even closer... however she definitely can't fall in love with the out-of-reach Chigira-kun...?  (Source: Mangaupdates)",7.636,2023-03-03,0.0,0
194,Big George Foreman,"$6,031,202","$5,426,772",90%,"$604,430",10%,en,"Fueled by an impoverished childhood, George Foreman channeled his anger into becoming an Olympic Gold medalist and World Heavyweight Champion, followed by a near-death experience that took him from the boxing ring to the pulpit. But when he sees his community struggling spiritually and financially, Foreman returns to the ring and makes history by reclaiming his title, becoming the oldest and most improbable World Heavyweight Boxing Champion ever.",25.17,2023-04-27,7.6,155
195,Rafadan Tayfa Galaktik Tayfa,"$5,998,908",-,-,"$5,998,908",100%,tr,"Akin is one of the brightest members of the astronomy club. Having discovered a spaceship that has settled into our orbit, Akın sits on the agenda of the world with this discovery. Hayri also contributed to the discovery, and this allowed him to gain a little fame. An alien, the real owner of the ship, who saw Hayri's photos in the newspapers and caught his attention, decides to find him in order to get him to help him. The alien, who sets out to find his fateful friend, is unaware that he is after a group of people whose intentions are not good at all.",1.782,2023-01-05,10.0,1
196,The Childe,"$5,982,273","$102,021",1.7%,"$5,880,252",98.3%,ko,"Desperate to secure funds for his mother's surgery, an amateur boxer searches for the wealthy father he's never met. Traveling from the Philippines to Korea, he is relentlessly pursued and forced to confront a shocking truth.",16.831,2023-06-21,7.3,34
197,Next Goal Wins,"$5,967,243","$5,967,243",100%,-,-,en,Dutch coach Thomas Rongen attempts the nearly impossible task of turning the American Samoa soccer team from perennial losers into winners.,23.556,2023-11-16,6.4,10
198,Bernadette,"$5,941,956",-,-,"$5,941,956",100%,fr,"When she arrived at the Elysée Palace, Bernadette Chirac expected to finally get the place she deserved, she who had always worked in the shadow of her husband to make him president. Put aside because she was considered too old-fashioned, Bernadette decided to take her revenge by becoming a major media figure.",5.668,2023-10-04,6.833,44
199,Journey to Bethlehem,"$5,901,998","$5,849,882",99.1%,"$52,116",0.9%,en,A young woman carrying an unimaginable responsibility. A young man torn between love and honor. A jealous king who will stop at nothing to keep his crown.,17.795,2023-11-09,6.5,2
200,The Unlikely Pilgrimage of Harold Fry,"$5,876,717",-,-,"$5,876,717",100%,en,"Harold Fry is an unremarkable man who has made mistakes with all the important things: being a husband, a father and a friend. And now, well into his 60s, he is content to fade quietly into the background of life. Until, one day – Harold learns his old friend Queenie is dying. Harold leaves home, walking to his post office to send her a letter. And out of the blue, Harold decides to keep walking, all the way to her hospice, 450 miles away.",14.983,2023-04-27,6.641,46
